age,training,state,earnings
22,FALSE,D,77596.65677943785
28,FALSE,B,99314.1952036196
31,FALSE,D,78715.59475164594
43,TRUE,B,130562.67605661605
29,FALSE,A,95015.45795753322
37,TRUE,A,114460.42709236522
35,TRUE,A,115965.81583860237
39,FALSE,B,98447.14455296159
36,FALSE,D,81790.61558230624
46,FALSE,A,92999.3656415733
42,FALSE,D,80536.87317426817
34,TRUE,C,126318.45119616586
36,TRUE,D,69116.67318460364
28,TRUE,B,130633.88881628915
50,FALSE,A,95809.9766493832
32,TRUE,D,69682.36354957605
37,FALSE,B,101495.42445395266
35,TRUE,D,70075.15510375182
32,FALSE,C,118864.58518755875
33,FALSE,A,95816.38178537674
46,TRUE,D,73312.67098015871
38,TRUE,C,125508.32959348235
40,FALSE,B,98267.87733267967
54,TRUE,D,70215.70657343263
28,TRUE,A,113242.85202480467
32,FALSE,A,94622.91026176013
34,FALSE,D,82599.12748887281
24,TRUE,C,127503.60865161425
39,FALSE,A,96020.29195825466
51,FALSE,B,98531.82161170339
34,TRUE,A,115011.22825038515
36,FALSE,C,115269.27042013798
40,TRUE,C,124797.0587078959
42,TRUE,C,125624.35126782587
37,FALSE,D,80399.1096315257
33,FALSE,A,93814.41263477139
39,TRUE,C,123481.69812933923
35,FALSE,B,100699.70438152722
33,FALSE,D,80419.13312726139
38,FALSE,C,123063.85678774398
41,FALSE,D,80935.08060679838
36,FALSE,A,94160.12371745218
30,FALSE,D,80976.51897473277
35,TRUE,D,71004.91480845411
34,TRUE,D,71877.05902279737
54,TRUE,D,68246.50579331524
35,TRUE,C,122218.6552319367
28,FALSE,B,101007.48360503386
30,FALSE,C,122840.46734396667
37,FALSE,C,120117.48893963647
38,FALSE,D,80099.74082258534
21,FALSE,D,80264.93969853754
32,FALSE,C,119664.9767997608
28,TRUE,A,115387.95365826285
42,TRUE,A,115038.39671736902
31,TRUE,B,126234.62708435958
29,FALSE,B,101181.5841850354
39,TRUE,C,122797.36556214518
37,FALSE,B,102118.18254829348
25,FALSE,C,121451.29747964123
37,TRUE,B,131020.21237433964
29,FALSE,A,95562.81935969731
37,FALSE,D,80246.5207629102
40,FALSE,A,96829.0589815653
39,TRUE,D,70312.22079093757
41,FALSE,B,98056.34510983885
36,FALSE,D,79638.76243254781
33,FALSE,A,94775.58073197214
30,TRUE,B,130385.01784134096
38,TRUE,A,112992.58498278284
33,FALSE,B,100862.63779726796
35,TRUE,B,128418.15745692956
44,TRUE,B,133108.6318586593
40,TRUE,D,72054.20639156364
28,TRUE,B,131678.2787170636
38,TRUE,A,113765.55089979498
37,FALSE,B,99049.35186003178
36,FALSE,C,121738.65942228734
30,FALSE,B,101529.27673949892
39,TRUE,B,125640.23545441162
47,TRUE,D,69862.99082852644
45,FALSE,D,79495.75495690656
38,FALSE,C,119492.38252281443
38,TRUE,B,129179.05279579139
36,FALSE,A,96260.3875813277
41,TRUE,D,71235.97887100748
34,FALSE,A,93166.28864140349
47,FALSE,A,93389.03499251317
31,FALSE,D,75816.07170638617
35,FALSE,D,79722.7525247654
37,TRUE,B,128168.83013245303
50,FALSE,C,117095.90619987226
42,FALSE,D,81826.87232867544
36,TRUE,B,131604.04381309924
29,TRUE,C,125354.91799292089
35,TRUE,D,67914.41951077772
40,TRUE,A,114739.54516809066
43,TRUE,C,125344.8773866307
30,TRUE,C,123110.33791152653
28,TRUE,A,113321.22872961847
32,FALSE,D,81799.91424359362
29,FALSE,D,80205.51264151292
32,FALSE,B,96957.51341076603
36,FALSE,A,95215.27325419441
43,FALSE,D,79568.92820324136
42,TRUE,B,130267.87877136731
33,TRUE,C,122325.99228429484
41,FALSE,B,104891.99154786344
26,TRUE,A,114737.13316214368
34,FALSE,B,95851.64906327696
39,FALSE,D,80084.86275101652
38,FALSE,A,95961.35777005149
40,FALSE,C,120272.13307631768
31,FALSE,A,95689.20479879416
31,FALSE,B,104232.48715186094
26,TRUE,A,112953.20365581593
28,TRUE,C,120791.30144288226
42,FALSE,D,79153.47918990797
48,TRUE,D,70084.97600399758
51,TRUE,B,129249.7100367561
44,FALSE,A,95686.54096229315
49,TRUE,A,114049.63014647888
37,FALSE,B,98178.15515096702
37,TRUE,B,130673.7615112889
33,FALSE,C,118483.11572548663
33,FALSE,C,123084.44747139425
37,FALSE,B,102807.49342574629
38,TRUE,B,129121.26932734111
38,TRUE,D,67152.03281867565
29,TRUE,A,114331.26210595421
30,FALSE,C,118676.39230192926
32,FALSE,B,100004.43522192561
42,TRUE,A,114780.08844392544
31,FALSE,C,119113.90180957003
29,TRUE,A,114396.7929242885
37,TRUE,C,124423.19159905831
29,TRUE,D,68336.78396675376
29,TRUE,A,114737.96080120585
29,TRUE,C,122486.41719835755
47,FALSE,C,119459.74339190371
39,TRUE,A,116065.35710343492
35,FALSE,C,121633.98572452195
30,FALSE,D,78122.823802074
38,FALSE,D,78000.01199269913
34,TRUE,D,68011.64661769662
39,FALSE,D,80864.85705889683
37,TRUE,B,128255.60765357723
41,FALSE,A,94305.9695863489
41,FALSE,A,96249.11977831894
38,FALSE,A,96171.21970498048
37,TRUE,D,68009.77733208351
35,TRUE,D,71010.855334327
40,TRUE,A,113883.40456618434
35,TRUE,D,68466.79979504847
49,FALSE,C,120699.50242918228
36,FALSE,B,99634.39263840826
30,TRUE,B,132043.30065599483
28,FALSE,C,118133.09322180605
31,FALSE,B,104537.38988923897
33,FALSE,D,77844.00763062226
34,TRUE,B,129545.92968222892
36,TRUE,A,115587.45250933105
41,FALSE,B,99776.70786455207
35,TRUE,A,114443.71565411252
36,FALSE,C,117458.45701434126
29,TRUE,B,127699.72084484829
32,TRUE,C,122804.149089575
45,TRUE,C,125508.50528790937
34,TRUE,C,131173.62443615182
37,FALSE,B,100729.01685874423
40,FALSE,D,77661.89573492682
45,FALSE,C,123655.1514910479
41,FALSE,A,96164.52210621235
42,TRUE,C,122777.36579891335
38,FALSE,C,121565.4383295782
42,FALSE,D,79973.50837617366
34,TRUE,A,114023.32967992888
28,TRUE,B,131284.54833759696
33,TRUE,C,126092.99374182013
30,TRUE,D,70329.83263635574
31,TRUE,D,72241.9954739754
38,TRUE,C,124743.57868655596
28,FALSE,C,124706.90357063228
25,FALSE,D,78071.13751713981
35,TRUE,D,67573.59289772293
31,FALSE,D,82201.42431507865
38,FALSE,D,78388.18071216445
24,TRUE,B,129193.53699107443
34,FALSE,D,78990.6851291327
33,TRUE,A,115183.18216667889
37,TRUE,B,134095.87392327323
49,FALSE,D,80002.83438325503
51,FALSE,A,96623.0723755034
43,TRUE,D,67827.68611867144
32,TRUE,B,134452.13450994896
31,FALSE,C,121462.23411662724
29,FALSE,B,98683.69152499095
34,FALSE,B,98007.0669783501
32,FALSE,A,93291.36966401775
38,FALSE,B,101111.28052167248
35,FALSE,C,120267.37218869751
42,TRUE,A,114619.93320020924
51,TRUE,B,129841.44627122977
41,FALSE,C,119968.8614865482
35,FALSE,A,94840.21216316232
40,TRUE,B,134562.22038995055
43,FALSE,B,103678.30785409191
37,FALSE,B,98040.5207035722
50,FALSE,B,96345.68103081439
30,FALSE,C,121303.59976545886
34,FALSE,D,79382.10059303601
36,TRUE,D,69636.50760719126
39,FALSE,B,100517.8077473125
36,FALSE,B,98685.31977575806
38,TRUE,B,130699.44532650993
41,TRUE,A,113994.96113449305
47,TRUE,A,114053.58344620414
31,TRUE,C,122012.26818220004
41,TRUE,C,127047.41733189786
36,FALSE,B,99663.01608661296
34,TRUE,D,69820.16044981351
46,TRUE,B,131097.0972827824
24,TRUE,C,123536.25054928231
37,TRUE,B,129469.06846427625
41,TRUE,D,71426.8419512791
37,TRUE,A,114865.17072677753
27,FALSE,D,79519.60726364706
33,TRUE,B,130796.51898813347
39,FALSE,A,95085.24160041606
29,FALSE,B,100337.93184516364
30,FALSE,B,96301.15518729198
36,FALSE,B,102865.76828795692
38,TRUE,D,72047.89958837537
38,TRUE,B,128565.39603365118
47,FALSE,B,100137.27377975755
44,TRUE,D,71535.3462558422
32,TRUE,B,131166.22196137713
34,FALSE,D,81989.96293514606
38,TRUE,B,131789.69958671817
30,FALSE,B,99641.63827330852
26,FALSE,A,94566.05347496926
33,FALSE,C,121224.92938533521
33,TRUE,D,70142.20149928384
36,FALSE,B,101028.11097977273
36,TRUE,C,122110.85179151442
40,FALSE,D,81799.25643693616
28,FALSE,B,101556.01681087505
41,FALSE,B,100380.57075570468
31,TRUE,C,124097.27637913372
44,FALSE,B,103412.94269227267
42,TRUE,D,71393.54320580192
31,FALSE,D,79087.93873479526
39,TRUE,B,129650.30409673406
32,FALSE,D,79742.50189822198
38,FALSE,B,95644.91267510179
35,FALSE,D,75388.32053727961
39,FALSE,C,120405.62959416403
40,FALSE,D,79955.77765603819
35,FALSE,D,82275.39535780638
21,FALSE,B,99098.8022566118
36,FALSE,C,119970.69877186956
31,FALSE,C,118026.77168494856
35,FALSE,B,98961.64969182348
27,FALSE,D,81104.92264795698
39,TRUE,A,115699.57212296699
32,FALSE,A,95497.22817691298
36,TRUE,C,123051.98076546754
32,FALSE,D,78115.68575955337
26,TRUE,D,68412.90462681981
30,FALSE,B,100106.25269805249
35,FALSE,B,99283.6062998187
30,TRUE,B,127664.49928889814
55,TRUE,B,127660.74676427667
33,TRUE,C,124855.02163327619
36,TRUE,C,129250.06709620291
40,TRUE,A,114472.53483679386
43,TRUE,D,70884.0695997606
26,TRUE,C,121103.40403162892
36,TRUE,A,115155.43642135744
33,TRUE,B,129660.79433918842
30,FALSE,C,123266.28802804198
44,TRUE,B,132191.48072800797
34,FALSE,B,98833.48546571464
41,FALSE,A,94712.78255920246
36,FALSE,A,93734.19209514804
39,FALSE,C,113913.9158124984
31,FALSE,B,98699.47999889827
25,FALSE,A,94327.40443621282
44,FALSE,D,79665.43358764656
37,FALSE,B,100569.55757014955
35,TRUE,B,131880.08049264373
42,TRUE,A,114507.30356079902
39,TRUE,D,69552.19745958455
34,FALSE,B,101104.47198709665
24,FALSE,C,118235.50551089377
35,FALSE,D,81242.06349482494
38,TRUE,B,128981.25224962013
36,TRUE,C,121345.49781899514
25,TRUE,C,125800.56735644012
35,TRUE,C,126680.06270960129
30,TRUE,B,127882.68028988979
31,TRUE,A,115773.53811942751
31,FALSE,C,119998.20969375111
24,TRUE,A,115768.12752836091
37,TRUE,B,129401.04356170796
36,FALSE,D,79748.21140095385
34,FALSE,C,124243.88033547638
37,FALSE,D,81004.12112199453
46,FALSE,B,98429.96565926577
30,FALSE,C,121971.36140920177
26,FALSE,A,93089.74464728619
35,TRUE,D,70545.4723372808
35,FALSE,B,100283.51802293639
30,TRUE,C,125777.88227569823
36,FALSE,D,78762.78652095872
36,FALSE,D,78715.18955003435
33,TRUE,C,127619.79236399056
28,FALSE,A,94723.57499900619
43,TRUE,D,68914.40217889188
33,FALSE,B,98580.75866527668
29,TRUE,D,67275.76054474022
34,FALSE,D,81547.22718372065
35,TRUE,B,131443.26877188962
32,TRUE,A,114641.45766794894
39,FALSE,A,95719.30425199673
43,TRUE,B,130229.32339416293
37,FALSE,A,94576.71385096732
40,FALSE,A,94909.24235587013
32,TRUE,D,66716.12008317946
38,TRUE,C,122641.36287513685
41,FALSE,C,121913.85838027779
45,FALSE,A,95091.57145092623
46,FALSE,A,94459.52639019952
29,FALSE,D,79411.58373226372
37,FALSE,A,94196.9861952858
42,TRUE,A,114872.3025843893
45,FALSE,A,94506.37737971517
31,FALSE,D,83656.2041798323
31,FALSE,C,118151.01622812019
37,FALSE,A,94661.8266312177
35,FALSE,B,100236.6646005749
31,TRUE,C,127675.93733977978
32,FALSE,B,103186.80929947029
34,FALSE,A,95571.0573374823
29,FALSE,C,119681.41249916874
37,TRUE,C,123499.61602619498
36,TRUE,D,72359.69827977009
37,TRUE,C,126028.78389209924
32,FALSE,C,120127.15842300451
35,TRUE,D,70388.0614494586
37,TRUE,A,115577.94688571544
41,FALSE,C,120876.84441646638
40,FALSE,A,93954.81470758503
36,TRUE,A,114443.36923660839
38,TRUE,D,69099.50952688213
39,FALSE,A,96174.56138919132
45,FALSE,C,117567.68411057105
27,TRUE,D,68241.23188963284
32,TRUE,B,130416.51365387814
39,FALSE,A,95267.20897993543
31,TRUE,D,69478.60350013633
39,TRUE,B,128064.97049288057
28,TRUE,A,114844.74591118618
36,FALSE,C,118855.44531424291
28,TRUE,B,129040.11603039558
36,TRUE,D,69683.02330231201
33,FALSE,B,97538.75517318443
36,FALSE,D,79966.4827015809
37,TRUE,B,132248.24388272045
39,FALSE,B,101443.37050626274
37,FALSE,B,101374.88018211385
35,TRUE,B,127326.42648701
47,TRUE,B,132600.52305208176
34,FALSE,A,94083.96755500753
41,TRUE,B,130217.02318580217
35,FALSE,A,93812.08669921946
35,FALSE,A,94120.8136363052
28,FALSE,C,124548.35422649197
34,TRUE,B,133680.42097564277
42,TRUE,A,114812.79531679218
30,TRUE,B,128112.35195345331
30,FALSE,D,81878.67593111249
31,FALSE,C,124637.79865656796
41,TRUE,B,127759.5749273952
39,TRUE,B,129022.97083953855
26,TRUE,D,70074.56406155817
40,TRUE,D,68831.5428158876
34,FALSE,D,79082.29797732683
31,FALSE,D,80780.50286772821
30,TRUE,B,129617.14586942754
32,FALSE,C,118735.40003195447
45,TRUE,B,133555.48418350652
35,FALSE,C,117185.21377245967
38,FALSE,D,81431.85468835536
47,TRUE,D,71127.02565748655
37,TRUE,A,114550.13657540147
37,TRUE,A,114747.18017374293
43,FALSE,C,119940.58660717918
38,FALSE,B,98384.51873890757
34,TRUE,C,125520.2679569047
38,FALSE,B,101762.77890318146
32,FALSE,D,80480.9968873878
25,TRUE,C,125226.58296541817
31,TRUE,A,114160.53135785225
39,FALSE,B,101065.90610481547
34,FALSE,D,81127.12864887895
36,FALSE,C,120434.92728464314
33,TRUE,A,113999.34156711519
29,TRUE,A,114720.13813581032
40,TRUE,A,113988.27848931383
35,TRUE,D,68961.41376234463
51,FALSE,D,78441.71000979019
40,FALSE,B,102085.74367991342
32,TRUE,C,127208.36102438303
35,TRUE,B,130830.43097111207
39,FALSE,A,93795.02530681994
41,TRUE,C,129659.56702161962
34,TRUE,B,131264.77870901348
43,FALSE,B,105072.74947600237
39,TRUE,C,125246.79620343121
40,FALSE,C,119399.4622566917
42,FALSE,C,117664.26287170137
41,TRUE,D,69829.60473940182
34,FALSE,B,102594.76425017914
36,FALSE,D,77616.7536725742
42,FALSE,A,96967.04350069392
37,FALSE,C,120666.24162227359
28,FALSE,B,100768.1045411934
41,FALSE,B,99843.2788675284
39,FALSE,D,80031.9247003206
37,FALSE,D,81165.30123758753
32,TRUE,A,114623.82066427167
48,FALSE,B,97622.63739799107
43,FALSE,B,99229.85518118997
34,FALSE,C,120081.63059948954
32,FALSE,A,94335.34484603313
40,TRUE,D,69171.63029915794
38,FALSE,A,96071.47084208467
39,FALSE,C,117709.9039919857
36,TRUE,D,70526.50722528755
38,FALSE,A,96750.42240000579
30,FALSE,B,102709.02229513855
49,TRUE,A,114225.95438035701
37,FALSE,B,98727.3299188453
44,TRUE,C,125806.69612895885
46,TRUE,A,113423.94848671973
27,TRUE,A,114968.31142668903
40,TRUE,C,122079.8765754924
23,TRUE,D,70081.27800292007
38,FALSE,D,78895.56558197175
32,FALSE,D,84487.84517828302
37,TRUE,A,115496.59101653162
33,TRUE,B,126674.28990196894
34,FALSE,B,103492.97084803894
44,TRUE,B,132700.23223384746
41,FALSE,A,95879.49810247264
33,TRUE,B,129583.76623587872
42,FALSE,A,95205.55081583753
34,TRUE,C,128507.78912854634
34,FALSE,B,98291.10881614334
32,FALSE,C,119880.45042387444
33,FALSE,A,95847.07523752935
37,FALSE,A,95789.60571116906
39,TRUE,A,114940.12219329904
52,TRUE,C,124561.83613476173
30,FALSE,D,81932.19505405477
35,FALSE,B,98099.50152550596
47,TRUE,A,114949.95073900848
41,TRUE,A,115411.59617779637
30,FALSE,B,99845.56751186521
26,TRUE,C,123502.79386829698
38,FALSE,B,100346.95941049662
39,TRUE,C,126540.79639215417
34,FALSE,A,95385.36504434638
37,FALSE,B,101519.0629638011
31,FALSE,C,118653.84316621243
35,FALSE,A,95938.8377082963
41,FALSE,A,95712.29711046722
48,TRUE,A,114914.94095104167
40,FALSE,A,97392.9786000836
24,TRUE,D,70258.94281010248
39,FALSE,D,81441.95326729854
38,TRUE,C,121230.08634474312
35,TRUE,B,131284.36535839477
33,FALSE,C,120885.80685527816
30,TRUE,B,129974.56047002609
30,FALSE,B,97713.83829791288
40,FALSE,A,94784.52908592479
31,FALSE,C,120735.00939380188
36,TRUE,C,125447.47110980136
30,TRUE,B,130212.9855863718
44,TRUE,C,124002.17937312555
32,FALSE,B,99904.17038837995
36,FALSE,A,93431.50827234583
28,TRUE,D,72778.24233897556
43,TRUE,C,125456.28288067103
30,TRUE,C,121550.42117485842
41,TRUE,C,122499.86645830965
35,TRUE,B,130179.94637366555
38,FALSE,B,102445.76750089448
44,FALSE,B,100059.22393496227
38,FALSE,C,116506.38939778572
25,FALSE,C,119182.52953383396
42,TRUE,C,124723.21163059627
34,TRUE,B,128615.1654150064
43,TRUE,D,70073.38719271003
35,TRUE,A,116668.01562437414
46,TRUE,D,70177.22553022121
44,TRUE,B,130523.44360994341
39,TRUE,C,125259.17362935147
44,TRUE,C,126229.24073447273
37,FALSE,A,95812.06828668641
36,TRUE,C,121312.89542352011
42,FALSE,A,95171.57018407263
41,TRUE,B,128085.75853197803
34,TRUE,C,122975.105108448
35,TRUE,C,120057.72947378618
34,FALSE,C,119244.42496962637
36,TRUE,D,71493.17387949352
33,TRUE,B,133421.6384321973
29,FALSE,A,94857.03262335493
23,TRUE,A,115609.13303155833
42,FALSE,D,78312.92646113623
36,TRUE,C,124898.43477686941
34,TRUE,B,129906.09324028778
32,TRUE,D,70242.64178204729
38,TRUE,A,116123.61058688565
31,FALSE,B,100616.00844870921
37,TRUE,B,129572.6081986123
36,FALSE,C,117330.34301155676
45,FALSE,B,100826.46998564317
34,TRUE,A,114689.91890624729
27,TRUE,A,116292.75143050664
46,TRUE,B,133746.95041584744
33,FALSE,A,93913.91525807539
35,TRUE,C,126717.13973294213
29,FALSE,B,98613.47186857162
35,FALSE,A,95356.44759186075
38,TRUE,D,66153.52160894882
34,TRUE,B,128649.09170974727
37,TRUE,B,131981.02922350654
33,TRUE,D,68665.01811780756
22,TRUE,D,71125.30199511223
44,FALSE,C,119866.47674713816
35,FALSE,D,83425.16223493135
48,FALSE,B,97764.29521504809
50,TRUE,C,123087.03208473789
37,FALSE,D,80017.67369445173
44,TRUE,A,113056.04078409579
36,TRUE,C,125124.17242928721
36,TRUE,B,134612.8328645344
46,FALSE,A,95670.05339256708
39,FALSE,B,99302.30923259587
44,FALSE,C,121115.90718859668
40,TRUE,B,130366.15733529264
34,TRUE,D,69546.72106880015
39,FALSE,D,79210.20083464548
37,TRUE,B,128827.07868229644
35,FALSE,B,100696.52165652321
29,TRUE,A,115689.79094457615
35,TRUE,B,131443.73976796275
34,FALSE,A,96531.43210083687
46,FALSE,D,76066.158969859
41,TRUE,D,69955.5718497432
29,TRUE,C,125620.4020989586
49,TRUE,D,67855.25597292495
42,FALSE,C,117199.65979323539
39,FALSE,D,79640.29718933615
40,FALSE,C,120400.66071128708
46,FALSE,C,121936.79788945858
38,FALSE,D,79864.09713537122
40,FALSE,D,77490.04270026689
30,FALSE,D,78364.06269585429
42,TRUE,A,114241.82117086077
28,FALSE,C,119773.4675970759
31,TRUE,A,112980.14486545528
36,FALSE,D,79217.3175720392
40,TRUE,B,130825.62448361033
25,FALSE,B,101791.44092605269
41,TRUE,A,116565.20486289813
33,FALSE,C,116732.73461699228
31,TRUE,C,122007.04681702484
32,TRUE,A,115162.6791167636
36,FALSE,B,98921.34287219305
35,FALSE,A,93575.59213883379
40,TRUE,C,126270.54257539863
28,FALSE,C,120497.49024563766
39,TRUE,D,69871.92313707048
35,TRUE,C,123784.13299712475
34,FALSE,A,94994.26836255036
29,TRUE,B,129080.1123344474
47,TRUE,A,113978.80674167769
33,TRUE,A,115986.79342631946
43,TRUE,B,127273.21549885775
34,TRUE,B,133807.49443318765
30,FALSE,D,78622.42587312318
33,FALSE,D,80155.41793300727
37,TRUE,B,128410.40456307524
35,FALSE,C,119821.35300709214
25,TRUE,A,112821.04650771021
29,FALSE,D,80083.58813968183
35,TRUE,C,128350.45366871607
40,FALSE,A,95516.36877784022
38,TRUE,C,124422.16187153173
39,TRUE,A,114363.2997422459
33,TRUE,C,128362.82656135775
32,TRUE,D,68536.56092535613
36,TRUE,C,123080.97797643892
32,TRUE,A,116794.07452864789
31,FALSE,C,123282.08348329323
33,FALSE,A,94425.13165737188
35,TRUE,D,71695.23099218054
39,TRUE,D,72242.25381700612
37,TRUE,A,115583.40400595612
32,TRUE,B,127737.87103111336
36,FALSE,B,102173.28920993776
28,FALSE,C,117868.13852944836
34,TRUE,D,69080.39674698949
48,FALSE,D,78013.1086694649
39,FALSE,C,119332.07730137648
31,FALSE,B,102681.19331363584
32,TRUE,B,129922.02294001574
32,TRUE,C,125087.72362776246
32,TRUE,C,126077.55362021466
38,FALSE,B,103651.35229433137
35,FALSE,D,81556.16640723309
30,TRUE,A,114948.53135557366
31,TRUE,D,69297.97729695037
31,FALSE,C,118563.131999528
30,FALSE,D,82483.99344025535
37,FALSE,B,98555.40280839318
35,TRUE,C,125999.64655257922
32,TRUE,A,115475.47104599742
45,FALSE,D,82499.03830746461
37,TRUE,A,114852.38690124355
46,FALSE,D,80100.89554406176
43,TRUE,C,122910.05994770023
34,TRUE,A,114396.48028631747
37,FALSE,C,117231.55952682573
41,TRUE,C,124932.16452853386
30,FALSE,B,96598.839747764825
43,TRUE,D,70487.42103342789
40,FALSE,D,77734.30139670554
39,TRUE,A,115768.00212752914
26,FALSE,B,97886.00612228343
31,FALSE,A,95915.26427046303
36,TRUE,A,115342.22011692022
42,FALSE,C,115226.47546769874
38,FALSE,C,121196.19023477694
32,TRUE,D,70808.81392158974
18,FALSE,B,98702.36266280086
37,TRUE,A,117019.10292593947
36,FALSE,D,77349.7216803024
24,TRUE,A,114982.04945136308
42,TRUE,B,131880.8594373463
33,FALSE,A,95282.25015012745
36,FALSE,A,93700.47560581751
30,FALSE,C,121603.1237025187
35,FALSE,A,95464.63686673784
28,FALSE,B,100594.86740292923
43,TRUE,B,129896.63162953769
47,FALSE,B,97640.35341159481
52,FALSE,C,119925.40676637889
44,FALSE,B,102645.98610023974
31,FALSE,B,100171.70423255514
39,FALSE,D,80490.6502710754
38,TRUE,C,125298.61223976282
38,TRUE,A,116537.18231037048
36,FALSE,D,78955.5753562306
34,FALSE,C,120896.5506920069
45,FALSE,C,117988.60859078495
49,FALSE,C,121989.00191387019
42,FALSE,C,119530.3808020757
35,FALSE,B,100531.13360407169
33,TRUE,C,124022.9175824801
41,TRUE,A,113072.20701847978
31,TRUE,B,132041.37380104902
46,FALSE,B,101290.48052968747
36,FALSE,C,116219.70566319094
42,FALSE,C,118627.62632211132
36,TRUE,D,70512.23830226118
38,TRUE,A,114245.0998540674
38,FALSE,A,95180.19797168452
25,FALSE,B,104340.07430350651
35,TRUE,C,121137.69307077251
36,TRUE,B,130365.75910645927
34,TRUE,C,125491.22846741123
28,TRUE,A,114768.82402587353
41,TRUE,B,129279.9344247323
39,TRUE,A,115566.66005839204
37,TRUE,A,113925.37436668268
38,TRUE,D,69779.78311470685
26,TRUE,C,124857.94251444397
32,TRUE,C,124134.531494781
39,FALSE,A,93854.39275775704
28,FALSE,D,78862.87216615498
32,TRUE,D,68862.64532363182
23,FALSE,D,79736.02731240737
49,TRUE,C,122288.08111937574
41,FALSE,C,116959.88199233478
37,FALSE,D,80077.94874438779
32,FALSE,B,100944.02969644811
32,FALSE,B,102135.46703922971
40,FALSE,D,83283.39206483524
24,FALSE,B,102307.18135255984
36,TRUE,D,70565.37924766794
36,FALSE,D,81388.01990358598
29,TRUE,C,125623.49657545921
41,TRUE,C,125215.49304465002
37,FALSE,A,93454.75483198272
42,TRUE,A,115223.43241886172
36,FALSE,C,121031.78517592435
53,TRUE,A,114750.67329483485
36,TRUE,D,69654.23945343743
52,FALSE,C,122139.9273776601
34,FALSE,D,77354.18766666098
33,TRUE,A,115590.51860827632
50,TRUE,A,115890.66124222917
35,FALSE,D,83555.80710947164
32,TRUE,C,128047.04947098337
36,FALSE,A,95033.12422808763
31,FALSE,B,101619.42058769525
38,TRUE,B,132804.060926756
33,TRUE,A,113871.44861164402
37,FALSE,B,98877.77893094267
37,FALSE,A,95469.62358399793
38,TRUE,D,68556.8890630803
31,TRUE,C,120811.98588658313
33,TRUE,A,113628.01698707418
30,FALSE,A,97206.93382494595
31,TRUE,D,70366.78521464804
34,FALSE,B,97172.32100461815
31,FALSE,B,98563.11794353
32,TRUE,B,130046.79288566927
29,FALSE,C,121380.12333105593
36,TRUE,B,132548.18562652377
48,FALSE,B,99430.22704343709
39,FALSE,B,100381.94641065325
36,TRUE,A,114336.42157963457
31,TRUE,D,71403.57406152769
33,TRUE,C,124959.58570420001
39,TRUE,A,115080.46894610394
45,TRUE,D,70415.99693104318
41,TRUE,B,134804.8103206272
35,TRUE,A,114168.28412108395
35,TRUE,D,68838.5053011927
35,FALSE,D,80755.77911306695
44,FALSE,A,94182.39044272348
39,TRUE,C,124646.57667295438
39,FALSE,D,79445.1704903759
42,FALSE,B,98758.79574729464
42,FALSE,D,78666.88103126285
26,TRUE,A,113844.178693266
26,TRUE,A,114965.99063472135
28,TRUE,D,68359.70222770954
35,FALSE,D,77434.97266723146
34,TRUE,D,69305.3283912982
35,FALSE,A,93559.49778560252
25,TRUE,B,130100.1454239729
39,FALSE,A,95145.8404402851
37,TRUE,A,114912.56485347045
29,FALSE,C,119181.10433603066
35,TRUE,B,131103.84772430343
38,TRUE,C,125908.08183492787
33,FALSE,B,98949.58569335096
43,TRUE,D,67950.64364008648
37,TRUE,B,132599.99320861907
39,TRUE,D,69232.70320960281
30,FALSE,B,101970.84268286359
35,TRUE,C,124790.77448611699
30,TRUE,C,130868.85196927121
31,TRUE,C,123961.7024448623
27,TRUE,A,113339.78663147314
38,TRUE,B,128393.78889862966
37,FALSE,B,100345.5559668059
40,FALSE,C,122026.23515635883
29,TRUE,A,114388.56418549475
43,TRUE,C,129733.1357141217
39,FALSE,D,79677.18899211392
32,TRUE,D,71608.81179851803
28,FALSE,A,95637.27285096615
36,FALSE,D,79789.8464653192
32,TRUE,A,116233.88452172586
24,TRUE,C,125604.08425027861
36,TRUE,C,121183.81894370663
31,FALSE,B,94208.14592911168
32,FALSE,C,121120.42115281674
33,TRUE,C,118501.22382174685
27,TRUE,B,130456.71920389864
46,TRUE,D,70319.23178451238
36,TRUE,D,70717.64412774344
21,TRUE,D,72516.91566187657
34,FALSE,C,120851.68063179635
41,TRUE,A,115567.63446812895
32,FALSE,A,94547.33198489257
31,TRUE,D,69988.24818541075
31,TRUE,D,71267.71755779137
31,TRUE,C,127389.70305038389
45,TRUE,C,122737.67430315808
36,TRUE,C,124519.35209946724
44,TRUE,B,129301.44935549304
31,TRUE,B,129668.02536069724
38,FALSE,B,101611.8029029506
37,TRUE,A,114694.66986034194
37,TRUE,D,68242.09728643874
43,FALSE,D,79833.36644140062
36,TRUE,D,69053.64309627074
33,FALSE,D,80616.73396439997
25,FALSE,A,95499.78397666875
34,FALSE,C,120510.54040286173
34,TRUE,A,115269.5788631778
36,TRUE,A,113635.30889135471
32,TRUE,A,115110.05621819367
29,TRUE,D,69827.90713416605
38,FALSE,D,79586.19411290904
36,FALSE,B,96435.29988965935
32,TRUE,A,113893.29379646391
29,FALSE,A,94879.75431483993
46,FALSE,B,103932.63965657234
37,TRUE,A,114809.14200617859
34,FALSE,D,79358.35337411269
36,FALSE,A,94813.66240601914
42,FALSE,D,80695.53232193834
41,FALSE,B,97593.05028399861
41,TRUE,B,130819.09078470498
42,TRUE,B,133161.39890086764
29,FALSE,C,120472.87298137
36,FALSE,D,80763.3603110694
33,FALSE,A,94236.75622209405
31,TRUE,C,125702.99041971807
38,FALSE,D,82009.97946210507
45,FALSE,D,82602.51450141172
35,FALSE,D,78035.75350344896
41,TRUE,B,131033.8409086253
42,TRUE,C,123850.91374241219
33,TRUE,B,129990.30519530411
37,FALSE,B,101714.38140200352
39,FALSE,C,119915.02066087123
30,TRUE,D,72024.1854106369
30,TRUE,D,68666.62341161817
39,TRUE,A,113404.30574742946
53,FALSE,A,94508.870714197
35,FALSE,A,94658.76199456959
45,TRUE,D,70449.41977521802
39,TRUE,C,126112.38725092531
25,TRUE,C,123925.99129765017
39,TRUE,B,128876.46805631259
42,FALSE,A,96639.13837845757
28,TRUE,B,131173.54578870418
24,FALSE,C,118199.96806108125
33,FALSE,C,119590.40986290651
29,TRUE,D,70740.18608521462
45,FALSE,D,79488.87653617271
43,TRUE,B,127149.43192447629
39,FALSE,C,120546.49012329875
36,FALSE,D,79996.48664117414
32,FALSE,C,118495.56764941414
34,FALSE,D,81748.8859669575
35,FALSE,C,120897.28721502336
37,FALSE,C,115949.48968453801
33,FALSE,A,95504.68783417364
32,TRUE,C,125011.98733326168
36,TRUE,C,125554.23869345487
37,TRUE,C,125732.48303415705
31,TRUE,A,114625.56127378397
49,FALSE,B,101913.31295896709
33,FALSE,D,80024.02467338018
28,FALSE,B,99443.67549149701
42,TRUE,D,71316.54002359726
40,TRUE,D,70306.37976709643
39,TRUE,B,132899.66930381808
34,FALSE,B,98587.00193584188
37,FALSE,A,96991.62535970805
34,TRUE,A,113027.33664026596
44,FALSE,B,98761.54409142275
37,TRUE,D,69863.1225184562
47,FALSE,A,93677.44148282836
41,FALSE,B,98995.5519716932
30,FALSE,B,101599.86161996004
38,TRUE,A,116795.35599171382
41,TRUE,C,122715.19957478628
49,TRUE,D,68029.10193768084
34,FALSE,A,96491.12302807203
37,TRUE,C,127348.75542295967
45,TRUE,A,113328.94053470812
44,FALSE,A,92741.12281685384
44,TRUE,D,67852.5653342286
28,TRUE,B,129479.79971998438
33,TRUE,C,123987.75067366188
42,TRUE,C,128519.52561300586
45,TRUE,D,73035.70509630714
37,FALSE,A,94864.14567855319
36,FALSE,C,117561.64751066986
35,FALSE,C,122367.02643073678
25,FALSE,A,94591.13758527934
34,TRUE,C,125754.32804863522
41,FALSE,C,118720.43429434282
33,TRUE,B,126843.13240241118
36,FALSE,A,95085.49362872129
33,FALSE,D,79609.06314574245
32,TRUE,B,131496.6143902549
39,FALSE,C,116157.6139154902
37,TRUE,C,123437.02738261927
31,FALSE,A,97084.45562885347
40,TRUE,D,70374.57612539649
40,TRUE,A,114112.01563838252
42,FALSE,C,123360.20635551265
49,TRUE,B,127310.29553022207
33,TRUE,A,116087.43580325344
30,FALSE,C,118110.65341384601
32,FALSE,B,98508.07923507459
46,TRUE,A,114934.58186800104
26,FALSE,D,82228.23823327289
45,TRUE,C,124522.84447668752
37,TRUE,B,131495.1276884305
36,TRUE,C,125403.5765909045
33,TRUE,C,124650.5838782542
43,FALSE,A,94141.59582292536
41,FALSE,D,75721.68579937225
33,TRUE,A,113738.85085056887
36,FALSE,A,92192.15076320987
29,TRUE,C,129300.7437826448
24,TRUE,C,125269.31438384323
39,TRUE,A,114045.70722760886
38,FALSE,C,122342.19295817942
43,TRUE,A,115398.6039008015
51,TRUE,A,114542.40916212447
31,FALSE,A,94907.3913525975
36,TRUE,A,114931.95299183526
41,FALSE,B,98536.78092114444
31,TRUE,A,115768.87323340548
40,TRUE,D,71988.83788616044
39,TRUE,A,114792.29631299197
40,TRUE,D,69786.67125199498
30,FALSE,A,94529.82392082513
40,FALSE,B,97250.89144012713
28,TRUE,A,115892.40414112505
35,FALSE,D,80173.59454943213
32,TRUE,B,131395.5489809455
35,TRUE,D,70565.90929326505
38,FALSE,B,101281.01717373091
30,FALSE,C,121590.71853076114
35,TRUE,C,127667.89302577886
30,FALSE,B,99351.93023997506
37,TRUE,D,68859.12742844962
35,TRUE,B,133162.2385596534
43,TRUE,A,115111.0287061467
35,FALSE,D,78917.80258147613
46,TRUE,C,129780.59760553949
31,FALSE,B,97878.09472084923
32,FALSE,B,97607.60668448303
32,TRUE,C,126440.3557289552
28,TRUE,B,132112.75283599415
38,FALSE,D,79602.00917839142
19,TRUE,C,120869.76849423612
30,TRUE,D,67908.56802800579
37,FALSE,B,100659.96439270122
29,FALSE,A,96021.7972683066
45,TRUE,A,115841.49317815536
32,FALSE,C,119824.55012296134
27,TRUE,B,128558.56119187895
29,FALSE,A,95566.41778631233
24,TRUE,C,128377.93594777505
47,FALSE,D,80312.3880384086
33,TRUE,B,129386.75575124916
43,FALSE,A,94911.54861013555
34,FALSE,D,79642.46017855324
30,FALSE,B,101238.97752288463
27,FALSE,C,121753.13020580036
41,FALSE,D,81407.88451019488
32,FALSE,A,94881.63172645244
29,TRUE,A,113898.40663565416
31,TRUE,D,71074.62507366644
41,TRUE,D,71864.98962920572
29,FALSE,C,116862.33187432778
31,FALSE,D,78010.90047490696
38,TRUE,C,125136.93697040898
32,FALSE,B,100316.92303051236
34,TRUE,B,129137.1421321251
39,TRUE,C,125358.56859695268
40,TRUE,B,129743.12291839566
35,FALSE,C,122125.58746245492
28,FALSE,B,99881.82930678946
34,TRUE,B,130603.44037167044
40,FALSE,A,94828.19879179807
35,FALSE,B,100951.10475254737
39,FALSE,B,99457.5622335768
36,FALSE,A,95520.29912898462
39,FALSE,B,101801.51153796454
26,TRUE,D,71775.04718966328
30,FALSE,D,81498.0794631536
35,TRUE,D,71158.18768145592
35,FALSE,C,120142.60010236739
30,TRUE,D,71813.70088921014
38,TRUE,B,132262.86046402162
49,FALSE,B,97975.43217162664
35,TRUE,C,126504.06609942982
30,TRUE,B,131080.03321659315
40,FALSE,D,80955.92542592
40,FALSE,A,94015.58759834783
31,TRUE,B,127290.65003944868
37,TRUE,C,127175.20430232726
37,TRUE,D,69332.13072707456
38,FALSE,D,80236.05821477935
33,TRUE,A,115269.11145139177
46,TRUE,B,130014.56379422722
31,TRUE,A,115131.79925086918
38,FALSE,D,77997.1745478288
29,FALSE,C,117318.0007554687
27,FALSE,A,93680.83165579913
26,FALSE,D,81044.12425175062
30,TRUE,A,115690.54981644897
38,FALSE,C,120209.0485517817
34,TRUE,A,116227.89365442077
31,TRUE,D,70086.96453567945
26,TRUE,D,69819.86761922606
36,FALSE,A,94544.92203731573
33,FALSE,A,95504.76668747574
40,TRUE,C,127043.76652329587
35,TRUE,A,115716.1003737353
38,TRUE,A,115011.53115324976
35,FALSE,B,102796.53433147277
35,TRUE,D,69942.01999692025
29,TRUE,D,68002.74740209266
35,FALSE,D,79570.34516322307
34,FALSE,B,101865.86936640598
36,FALSE,A,93809.236801986
28,FALSE,A,95728.62270820957
38,FALSE,C,119349.33945241495
30,FALSE,A,94595.12129615509
33,FALSE,A,93700.24329193999
41,TRUE,D,68373.03230308634
49,FALSE,A,95503.61992173211
35,TRUE,D,69247.50938531321
25,TRUE,B,129626.94956958713
30,TRUE,A,116129.13359573999
38,TRUE,A,114640.03934908482
45,TRUE,C,126118.67852584108
33,FALSE,C,120263.59180158077
34,FALSE,D,77243.15838126752
38,TRUE,A,115310.43317691679
37,FALSE,A,94304.58049910165
30,TRUE,D,68017.10192926643
31,FALSE,D,77823.59947504576
37,TRUE,C,128111.93443544187
33,TRUE,A,114248.6042883844
30,FALSE,B,100743.90088254996
40,FALSE,A,95187.87040845124
41,FALSE,B,100055.87679579132
30,FALSE,D,80507.67456989594
36,TRUE,D,71036.32494026818
33,TRUE,B,129756.94622640325
28,FALSE,A,94241.8751851869
35,FALSE,A,93373.74765882471
44,TRUE,D,72634.12488377978
38,FALSE,B,99163.3908219919
38,FALSE,D,79760.53729643824
35,FALSE,B,102626.81885786976
34,TRUE,A,114072.48019737765
38,TRUE,D,68937.18112688333
32,TRUE,C,123550.77985717678
34,TRUE,B,131202.40606282052
30,TRUE,B,130361.81495738869
32,TRUE,D,69573.18667906446
38,TRUE,A,116450.75731996683
29,FALSE,A,94846.20003438636
45,FALSE,C,117183.32519689875
43,TRUE,B,129281.86057129105
39,FALSE,C,120915.23745030552
32,TRUE,A,113630.63568676183
48,FALSE,A,94657.25926559906
39,FALSE,A,95780.4696606808
47,FALSE,A,97157.27050543278
28,FALSE,A,93881.69893523712
36,TRUE,A,115443.39403542803
32,FALSE,A,95409.234507823
40,TRUE,B,128947.43842998652
40,TRUE,C,124651.49576953524
36,TRUE,C,124553.66497486709
37,FALSE,B,101073.5777636801
44,TRUE,B,127974.3637247446
45,FALSE,D,77679.32581684302
29,TRUE,A,116672.54711224308
35,FALSE,B,96474.94930447632
40,TRUE,A,115858.27885392439
41,TRUE,C,121913.86615701183
35,TRUE,B,128698.01950255952
30,TRUE,B,129585.82601998205
34,TRUE,C,125608.89072261135
39,TRUE,B,130252.48184545622
32,TRUE,C,129567.93331243184
33,FALSE,B,100361.92724042431
28,TRUE,B,125364.12485836676
42,TRUE,C,123005.52944041505
42,TRUE,A,114824.87537655488
35,FALSE,D,81737.92427102398
41,FALSE,D,81236.6930947287
41,TRUE,C,128517.97282530353
30,TRUE,B,128521.753365771
34,FALSE,D,78052.53473270121
36,FALSE,A,95795.93332308951
41,TRUE,B,129584.00017486574
35,FALSE,A,93226.67660075438
45,TRUE,B,129347.89795550155
30,TRUE,C,124629.14780256791
36,FALSE,D,79397.97055030947
44,FALSE,C,116433.91469893522
36,TRUE,D,70639.92645879638
37,TRUE,A,116227.05248547405
34,FALSE,C,119139.23962920325
32,TRUE,C,127193.18252271586
48,TRUE,D,69814.82923655616
49,FALSE,A,94892.35373001375
41,FALSE,D,79043.62218223336
29,FALSE,B,101296.71356328558
43,TRUE,A,114946.9281551799
44,FALSE,C,121570.43267859682
35,FALSE,D,79201.99652981409
44,FALSE,A,95544.2133491006
30,FALSE,C,120708.30256408216
41,FALSE,B,101024.10301924753
35,TRUE,B,129788.8389654452
60,FALSE,D,78583.36539728715
40,FALSE,C,118162.56466836442
34,TRUE,D,67527.34084586191
37,TRUE,B,129264.95603678016
42,TRUE,B,130955.6489146179
45,FALSE,B,98553.61114671621
32,TRUE,B,126354.19945299112
36,FALSE,C,122851.54690246079
37,FALSE,C,122896.91494490759
40,FALSE,A,96947.01439842953
36,FALSE,C,119562.69920451244
29,FALSE,A,94537.64018134735
31,FALSE,B,103166.40440334867
39,TRUE,D,71953.86230639699
26,FALSE,C,115576.13682927325
33,TRUE,C,128636.57168443054
33,TRUE,D,70095.17282989899
34,TRUE,B,132438.61682445643
33,TRUE,D,70733.13641828755
38,FALSE,B,100283.26789115088
48,FALSE,D,81825.97835780086
33,FALSE,B,98267.15862576077
35,TRUE,C,124389.18416908772
34,TRUE,D,71905.22154634689
29,FALSE,C,119968.30222949861
40,TRUE,A,113778.10135362434
38,FALSE,C,117393.78118184136
32,TRUE,B,130945.72779834227
26,FALSE,A,95446.95853241636
45,FALSE,C,117587.31278202846
32,FALSE,D,81048.67771274968
36,FALSE,C,117911.95505543433
38,FALSE,C,116826.17409777771
28,TRUE,B,128810.6137598271
45,TRUE,B,130901.06251198128
32,FALSE,B,100704.1783529268
34,TRUE,D,70371.54876115973
30,FALSE,A,96421.22425187062
43,FALSE,B,101825.01184491304
33,TRUE,B,129273.54991099882
38,TRUE,D,70681.77854936341
29,FALSE,D,79246.30145896472
33,TRUE,A,115245.27877882343
39,FALSE,B,98902.86564925624
40,FALSE,B,96399.04584058822
42,TRUE,D,70936.63970992605
40,TRUE,D,70753.59406110732
34,FALSE,C,119494.33901370202
28,TRUE,A,114199.12052459385
34,FALSE,A,96154.55133135094
47,TRUE,B,132243.58807373996
37,TRUE,C,125880.74635917456
32,FALSE,A,93640.71485591619
38,TRUE,D,71976.44071894194
32,TRUE,C,126513.30260916892
25,FALSE,A,94142.51962417323
32,FALSE,A,96654.44670043567
47,TRUE,A,116538.46974718312
27,TRUE,C,124436.07050395898
43,FALSE,D,80458.38030801452
43,FALSE,A,95256.86681361879
36,FALSE,D,80192.75322654263
33,FALSE,B,99571.3969529252
36,TRUE,C,120128.90861437967
32,FALSE,D,77350.0799357627
30,TRUE,D,69869.29031971202
43,FALSE,D,78241.27566501399
55,FALSE,B,101026.58482819295
34,TRUE,A,116203.12707053266
47,FALSE,D,79629.05742233653
51,TRUE,B,130840.05889458375
30,FALSE,B,97665.68088071128
28,TRUE,C,127609.0251555296
28,TRUE,C,123606.90041080034
28,FALSE,A,94505.38905172468
32,TRUE,D,71300.36657186359
36,TRUE,A,114353.74163987757
36,FALSE,D,78540.19116493248
45,TRUE,D,69903.3620376133
41,FALSE,A,93577.0006811337
38,TRUE,C,124740.64564012177
30,TRUE,D,71977.1215458895
36,TRUE,D,70846.98226500375
30,TRUE,D,69859.95115678958
30,FALSE,D,80855.65369086832
34,TRUE,C,122469.51305404986
37,TRUE,A,115598.23324144569
50,TRUE,A,114737.62748497832
25,TRUE,A,114476.91619081263
38,TRUE,B,134360.622463448
32,TRUE,B,131094.90459460995
42,TRUE,D,68998.61599422796
31,TRUE,C,119757.86769643605
38,TRUE,C,123203.22881474486
32,TRUE,A,115377.67726881616
33,FALSE,B,99141.80575511427
30,TRUE,D,68294.11877348283
32,TRUE,C,121810.57097759582
43,TRUE,A,114611.83096987207
35,FALSE,C,121134.60631046684
30,FALSE,B,100408.53295358487
38,TRUE,A,114790.34195656516
38,FALSE,B,100564.32425191473
38,TRUE,C,127116.7430825989
44,FALSE,D,77877.62411877536
36,FALSE,A,95845.66123641201
51,TRUE,A,115550.53163877835
45,TRUE,C,125950.67045913043
36,FALSE,C,117916.6300860054
30,FALSE,B,102565.95645002204
36,TRUE,C,125738.72237174844
35,TRUE,A,114491.87185190614
45,FALSE,D,79658.95390071349
37,FALSE,C,118241.79267895965
45,TRUE,A,116228.762188015
48,TRUE,A,115409.77153938811
33,FALSE,A,95578.20613227547
32,FALSE,C,122227.30367422182
31,TRUE,B,128662.72210199652
47,TRUE,C,128806.00848665321
36,FALSE,C,118326.50569870396
38,FALSE,A,93838.32000545844
43,TRUE,B,130146.67772412453
38,FALSE,D,78507.36539034908
36,TRUE,D,70400.9714343566
41,TRUE,A,113579.27786444899
40,FALSE,C,119031.03944394522
30,TRUE,B,131698.45593428187
41,FALSE,C,115808.84251236945
36,TRUE,C,121980.27441304713
36,FALSE,C,123069.07255956632
29,TRUE,D,72303.6103435938
42,FALSE,B,100385.12448711127
37,TRUE,D,71584.04288512917
36,FALSE,C,116020.14470100465
34,FALSE,C,115902.59924872009
39,TRUE,B,128246.0179880378
37,FALSE,A,93444.88311981654
33,TRUE,B,129149.69270189884
37,TRUE,B,126445.93179616808
41,TRUE,D,70663.60727975391
45,TRUE,D,70241.00318479654
34,FALSE,D,79458.88541158431
30,TRUE,D,70657.92056031694
38,TRUE,A,114292.56001500029
34,FALSE,A,93673.65922314912
25,TRUE,D,68299.7816852031
34,FALSE,D,79804.75104379661
27,TRUE,C,128116.39283203693
49,TRUE,C,126330.75524977787
33,FALSE,B,102584.65292168519
45,FALSE,B,97652.9932249855
31,FALSE,A,93867.4562981386
36,FALSE,B,98703.1629548443
38,TRUE,C,126149.98941929091
32,FALSE,C,121536.86684382557
35,FALSE,D,79091.34660721722
51,TRUE,D,73527.83715196967
34,FALSE,A,95247.20946702285
39,TRUE,C,123082.1189468037
38,TRUE,B,127493.48278129031
44,TRUE,C,125979.88555965967
34,TRUE,D,72129.70458624269
28,FALSE,B,102522.78956904887
43,FALSE,C,122664.91167569776
37,TRUE,B,131886.08286798463
42,TRUE,C,124569.70938522437
38,TRUE,C,125961.1057014725
36,FALSE,D,77484.77959848108
42,FALSE,C,119795.55085013743
46,TRUE,B,132606.83526706643
31,TRUE,C,125203.74202698797
41,TRUE,B,132964.92205033894
35,TRUE,B,130538.54857999354
31,FALSE,C,117896.89894592892
38,TRUE,D,69720.70461463708
33,TRUE,A,114121.5656197345
36,FALSE,A,95816.64517510886
37,TRUE,D,70278.38287935015
41,FALSE,D,78777.22011242519
35,FALSE,A,95377.56691440137
54,FALSE,D,81244.46807055613
40,TRUE,D,67566.0142010804
27,FALSE,A,93951.56948857907
33,TRUE,A,115451.8667192148
37,FALSE,A,94435.4523053833
36,FALSE,B,99485.46749605068
45,TRUE,B,128653.48937120535
34,FALSE,D,80391.75389574408
36,TRUE,D,69624.75819865521
35,FALSE,C,119401.89334191209
38,FALSE,B,98724.41524086907
26,FALSE,D,78797.02808842376
44,FALSE,D,78490.3642081834
30,TRUE,B,130777.02971436709
35,FALSE,C,122116.91423900667
39,FALSE,A,95306.088393304
40,TRUE,B,129931.93262694745
37,TRUE,B,130842.61360600739
37,FALSE,D,81308.9297714367
28,FALSE,A,94466.89816248362
41,TRUE,D,70203.61903401758
25,FALSE,A,95684.15197502103
60,TRUE,D,71571.61070832194
36,FALSE,A,95132.21629184391
42,TRUE,C,127962.47156471078
42,FALSE,B,98628.25016732291
40,TRUE,A,115319.01114488488
36,TRUE,C,123772.51259456234
42,TRUE,C,127790.9413360127
42,FALSE,A,94600.11026123636
23,FALSE,D,84414.83721502339
28,FALSE,C,119781.28876654102
41,TRUE,A,114480.05313675673
42,FALSE,B,100720.68289239983
36,TRUE,C,123359.0505914564
29,TRUE,A,115892.54803557244
26,TRUE,B,127404.05916294071
37,FALSE,B,97774.24564453345
36,TRUE,D,68037.23943483597
27,FALSE,D,80149.21237367754
34,FALSE,B,101320.95821982162
32,FALSE,C,120819.93194593492
29,TRUE,B,133139.8028783868
34,TRUE,C,125191.36041365155
37,FALSE,B,96580.22239428539
27,FALSE,B,101653.26628278643
27,FALSE,B,99558.75417563917
39,FALSE,D,79586.68696057658
34,TRUE,A,114542.46898015577
35,TRUE,C,120624.7370831501
34,TRUE,D,68173.90005638328
35,FALSE,D,80087.1002581841
45,TRUE,C,125709.73928688586
26,FALSE,A,95402.37586034398
32,TRUE,A,115974.62609239334
35,TRUE,A,115458.52600842687
30,TRUE,B,129582.0022533612
30,FALSE,C,116876.80357515994
24,FALSE,C,121879.38839892713
37,TRUE,B,128991.5560504791
38,FALSE,B,98581.83844916875
37,FALSE,A,94075.20188980855
42,TRUE,B,127290.1386143259
31,FALSE,A,95053.73373017192
31,TRUE,B,131653.93663191234
37,TRUE,A,113584.97185861132
40,FALSE,B,98921.58074753358
38,FALSE,A,94274.35464167026
43,FALSE,C,119068.4771570783
38,TRUE,D,71267.50234649662
33,TRUE,D,72848.87880660666
28,FALSE,D,80632.66014478782
44,TRUE,D,70476.73307669676
36,TRUE,A,114749.23010150099
35,FALSE,C,119143.4556533697
30,TRUE,C,121771.1783360757
45,FALSE,C,121598.21503648258
36,TRUE,A,114777.34870688207
34,FALSE,A,94856.15815296373
56,TRUE,A,116264.30832492208
54,FALSE,D,75949.05353032578
40,FALSE,C,120311.20166386607
37,TRUE,D,70395.4455143723
39,FALSE,C,118031.20131840325
37,TRUE,D,67337.40842501381
39,TRUE,D,66411.34116270929
31,FALSE,A,96080.88459541691
28,TRUE,C,128668.37514331464
29,FALSE,A,94159.45111719781
35,FALSE,A,97115.46634775125
39,TRUE,C,124054.2852388849
32,FALSE,A,94306.27296040524
41,TRUE,A,114564.85924671455
43,FALSE,A,92760.8189903146
33,TRUE,C,126241.56185374736
41,TRUE,D,68444.56626644109
41,FALSE,C,121412.04659891548
34,FALSE,C,118902.09265989039
45,FALSE,D,79914.78810541095
35,TRUE,A,114291.99927122785
32,FALSE,D,81464.57819248362
36,FALSE,C,117318.41412213897
38,TRUE,D,69105.82385806036
40,TRUE,D,69109.60325379527
41,FALSE,B,96947.53343125184
28,TRUE,C,126975.98812042893
30,TRUE,C,125701.85399008004
38,FALSE,D,77516.23736696178
41,FALSE,D,79728.17632578035
32,TRUE,A,114812.83470796628
34,FALSE,A,96201.04450097936
44,TRUE,C,121762.33627817608
43,TRUE,A,116442.93849068659
45,FALSE,A,94887.91997996601
40,FALSE,A,93801.9768584124
49,TRUE,B,129053.10275034932
32,FALSE,A,94891.92730618433
41,FALSE,D,81194.38348310628
21,TRUE,B,129582.52586289143
35,FALSE,B,100204.15588296257
32,FALSE,B,100752.07004753419
46,TRUE,B,131976.66644743423
39,TRUE,D,72135.12672603028
29,TRUE,B,130004.83294453521
33,FALSE,A,94495.6375086433
37,FALSE,A,96008.01947628883
41,FALSE,B,99647.08968012778
34,TRUE,A,116304.30052382949
39,TRUE,C,124389.16588960048
29,TRUE,A,116618.75617137326
42,FALSE,B,103690.20550944978
31,FALSE,C,120600.87672351385
36,TRUE,B,133983.72506765559
33,FALSE,D,77967.51285958056
36,TRUE,A,114073.73061627669
40,TRUE,D,70223.35499680575
41,TRUE,A,114474.12049669595
30,TRUE,A,114578.08753143062
41,TRUE,C,123334.17325180837
33,FALSE,C,119878.48961248808
40,TRUE,D,70740.83118825858
35,FALSE,B,100480.45025216292
29,FALSE,D,78869.62664924709
37,FALSE,B,101009.93978293595
36,TRUE,C,126977.85411405937
39,TRUE,B,128053.0946619033
44,FALSE,B,96177.98579898603
38,TRUE,D,70970.66863468727
34,TRUE,B,129239.37585256086
32,FALSE,A,94398.18550289772
32,TRUE,B,132949.87812966944
39,FALSE,A,97319.31695885595
38,TRUE,D,69699.47086585649
46,FALSE,B,101883.21512776893
38,TRUE,B,132858.4848594653
36,TRUE,C,126020.33145454763
43,FALSE,D,81695.80677357336
35,FALSE,B,101086.4376351211
33,FALSE,C,117011.5276043147
36,TRUE,D,68953.49855277373
32,FALSE,A,96255.26285780675
31,FALSE,D,77310.09326735865
36,TRUE,A,113619.24914556152
39,FALSE,C,120791.18284194754
32,FALSE,B,101095.56512585713
33,TRUE,D,70684.38664986414
47,FALSE,A,94598.28148536154
35,TRUE,B,129194.48190756117
35,FALSE,C,122980.39851130005
40,FALSE,D,82722.22401814854
30,TRUE,D,71370.1442474514
41,FALSE,D,81785.39723558785
38,FALSE,A,95452.35966810859
36,TRUE,B,128651.85958650851
50,TRUE,B,131236.52131812743
29,TRUE,B,128364.99313866605
40,FALSE,B,102990.7777116838
26,TRUE,D,67570.15891508377
37,TRUE,C,127778.95059195373
44,FALSE,D,80554.8726386828
37,TRUE,C,121654.28605497083
24,FALSE,A,93793.03705120823
39,TRUE,C,126875.24601199749
30,FALSE,A,94361.07349468915
27,TRUE,B,133705.74774450628
41,TRUE,C,125385.60317566243
33,FALSE,B,102170.89299941744
38,TRUE,C,123165.43447864459
40,TRUE,C,125148.15661403869
39,TRUE,D,70027.02386637333
51,FALSE,B,99961.37459727401
40,FALSE,B,97981.249432757
33,FALSE,A,95631.9143000642
37,TRUE,A,115935.02575735832
28,FALSE,C,117816.76890139398
36,FALSE,A,94404.41854005253
49,TRUE,B,131182.91329214367
33,FALSE,A,95459.99901891296
37,FALSE,C,125406.24788766175
33,TRUE,C,127230.47632565921
41,TRUE,A,115771.43312710372
33,FALSE,D,78658.23557438623
39,FALSE,D,80876.82984573448
33,FALSE,D,81434.29884245424
44,TRUE,B,127518.89684884231
33,TRUE,A,115214.30302967833
37,TRUE,A,114468.08950918316
40,TRUE,A,115580.75773927449
27,FALSE,B,101530.53008091399
43,FALSE,B,100754.37371259781
48,TRUE,C,120184.07744648593
38,TRUE,D,69094.8422509447
36,TRUE,D,70338.39429841544
36,FALSE,C,118665.92617851209
38,TRUE,C,125187.36999608725
31,TRUE,B,126243.11950009901
32,TRUE,B,134974.6553428885
33,TRUE,A,114408.1663046136
37,TRUE,B,125258.38074092865
49,TRUE,C,126980.47307130485
35,TRUE,A,115153.87874093147
44,FALSE,C,116614.31813868211
39,FALSE,C,122852.03200537457
37,FALSE,D,79090.52410408258
28,FALSE,A,95120.8758243852
38,FALSE,A,95860.49778306899
45,TRUE,A,114120.26971858702
34,TRUE,B,131001.97079120402
39,TRUE,C,126797.19922031506
23,FALSE,A,96412.40943933766
37,TRUE,B,128819.86953916178
35,FALSE,C,118314.50422065638
40,FALSE,C,121377.928205444
31,TRUE,C,124670.51292222238
36,FALSE,C,118348.44142041088
40,FALSE,C,116359.6002955812
38,TRUE,B,129750.59460320386
44,TRUE,D,71476.69499506522
39,FALSE,B,101616.8543456163
42,FALSE,A,95028.8187267031
41,FALSE,A,95749.44741726994
37,TRUE,B,129883.37907343864
25,FALSE,B,101621.79723438619
35,TRUE,A,116443.90639515157
43,FALSE,B,98414.02142790651
33,FALSE,C,122120.01345519454
41,FALSE,A,96735.28562063529
28,TRUE,C,129488.71028320314
31,TRUE,B,132056.1862381856
37,FALSE,C,116671.15674397521
31,FALSE,A,95453.79405310296
35,TRUE,C,129163.84774205388
39,FALSE,A,94117.69191381452
29,FALSE,A,95769.3887824001
29,FALSE,A,95499.66724810643
35,FALSE,C,119824.08980678256
44,TRUE,A,116084.32849074413
29,TRUE,A,114102.09576314686
38,FALSE,D,81845.04580503314
34,FALSE,A,94529.19540930062
37,TRUE,B,128301.92621674866
29,TRUE,D,69731.0413418419
34,FALSE,B,104032.95929497034
36,TRUE,D,69024.86846899835
34,FALSE,C,121150.36348629775
41,FALSE,A,94619.98195739399
32,FALSE,C,120919.38485612877
48,TRUE,B,125883.17462205589
22,FALSE,D,80549.62308845384
36,FALSE,D,82161.4223303783
36,FALSE,D,81869.48254722147
35,TRUE,C,124205.46414267857
34,TRUE,C,123888.69247691632
34,TRUE,B,130345.66855741153
38,TRUE,B,130549.5873553214
38,FALSE,C,118120.53247277957
32,TRUE,A,113788.35118978588
44,FALSE,D,80245.97179561623
29,FALSE,B,100944.97602576757
36,TRUE,D,67570.0639970012
40,TRUE,A,116480.99019747617
36,FALSE,A,93431.75824943345
36,TRUE,A,115685.07391296196
30,FALSE,D,80742.05509478653
35,TRUE,B,130589.45933156318
37,TRUE,C,123438.3298774745
31,TRUE,C,125086.32444382638
43,FALSE,B,97497.49951588914
37,FALSE,D,79461.21975935592
44,TRUE,C,126170.57463977367
35,TRUE,D,68674.94662042988
27,FALSE,B,98227.76559176215
35,TRUE,A,114471.83949407659
45,TRUE,C,124767.45649976398
35,TRUE,B,130565.0477426072
30,FALSE,D,82947.84238652648
33,FALSE,A,95395.96860526924
36,TRUE,C,123374.5557833825
37,FALSE,D,80234.52979566432
40,TRUE,B,132099.15284326315
38,TRUE,A,114689.35790560069
29,TRUE,A,115969.92412941554
37,FALSE,B,100047.9927919751
35,FALSE,D,78099.96099122471
36,TRUE,A,115426.55065833029
39,TRUE,B,131259.91215704096
31,TRUE,C,126646.60428315877
45,TRUE,A,114254.91564414527
31,FALSE,C,120671.87885063294
35,TRUE,B,130466.21910360482
35,TRUE,C,124058.35084641288
31,FALSE,D,82010.02175557805
34,FALSE,B,100424.20704960657
36,TRUE,D,70324.14073766164
37,TRUE,C,125068.14958529553
45,TRUE,D,68999.29343430659
42,FALSE,A,95126.15702696095
29,FALSE,A,94283.58739828371
38,FALSE,B,97798.49913666028
39,FALSE,B,97327.43987356414
42,FALSE,A,94888.13813719322
42,TRUE,A,114906.03548942023
39,TRUE,B,129522.11205741884
34,FALSE,C,123091.96443038511
45,TRUE,C,121522.63954659746
36,TRUE,C,123957.39443796879
25,FALSE,B,98983.71347982134
39,FALSE,D,76364.4096869916
38,FALSE,D,79637.3536002426
25,TRUE,A,114078.16503612272
31,FALSE,B,100851.8564669245
39,FALSE,B,97388.58293836568
35,TRUE,A,115229.35645078686
44,FALSE,B,99183.48348973862
40,FALSE,C,116357.6147418816
35,TRUE,A,114395.60001901894
32,FALSE,A,94463.08376170053
31,FALSE,A,94907.683939501
45,FALSE,C,119060.01019555118
37,FALSE,B,98617.39443296094
33,TRUE,A,115316.72605550686
44,FALSE,A,94258.64184269254
36,TRUE,D,72143.41003822803
30,TRUE,B,131204.7297464879
39,TRUE,C,121896.73741822795
40,FALSE,D,80512.65593241353
56,FALSE,C,119257.01028202973
31,FALSE,A,96093.52202807718
36,FALSE,D,77312.40820018106
41,TRUE,D,71846.96424483249
33,FALSE,B,100684.37995565825
36,FALSE,A,96880.85993732898
32,TRUE,A,114940.81198549151
33,FALSE,C,119358.76769899018
36,TRUE,B,127688.75032404427
37,TRUE,D,71410.55113510757
45,TRUE,D,68364.49796104434
34,TRUE,C,127667.10804663615
38,FALSE,B,102484.90700289278
41,TRUE,B,128420.58727890196
31,FALSE,D,77959.83455287316
31,FALSE,D,81154.01107630199
29,TRUE,D,70574.355433778
42,FALSE,A,95099.79462674429
37,FALSE,A,94786.75764242987
43,TRUE,B,129036.77690697766
32,FALSE,B,100485.69272869958
32,FALSE,D,79865.18117219498
41,FALSE,D,80132.28051154898
44,FALSE,D,80529.08839520959
44,FALSE,B,101453.37359350004
33,FALSE,A,94221.39371218122
37,FALSE,B,101578.61108324889
26,FALSE,C,116700.8666096606
33,TRUE,B,127802.44317021118
56,TRUE,C,125332.47766758347
41,TRUE,D,70885.88548118966
29,FALSE,D,79019.18956334035
35,TRUE,C,122034.8000497568
31,TRUE,A,115015.1341756049
35,TRUE,C,123399.35050888042
36,TRUE,D,69651.06139917052
31,TRUE,D,69501.95285286308
38,TRUE,C,128995.93774172683
40,TRUE,B,130867.43160914225
39,TRUE,A,111878.41044157547
46,TRUE,A,112449.9855151722
35,TRUE,D,74271.73758018279
38,FALSE,C,119126.34313693292
41,TRUE,A,115235.34485729382
45,TRUE,C,123743.53973531503
43,FALSE,A,93780.07794613461
36,FALSE,D,77001.10010618316
31,FALSE,B,100764.82464548589
39,FALSE,C,119682.33520333028
43,FALSE,A,94941.96398026684
42,FALSE,A,94156.01888823348
36,TRUE,D,69688.52338390776
33,TRUE,C,127794.10592829173
42,FALSE,A,94199.43316616304
37,FALSE,A,94181.34204804501
28,TRUE,A,114443.18577820146
38,FALSE,D,79921.09852524036
31,TRUE,A,117112.78759570127
43,TRUE,B,127861.37434259003
36,TRUE,A,113433.9962958283
36,FALSE,D,79171.54253098804
36,TRUE,C,122350.904623447
48,TRUE,D,69761.71938403946
30,FALSE,D,78515.21946710117
27,TRUE,D,68301.30216665819
44,TRUE,D,69491.55736232545
35,TRUE,B,133197.23890749709
30,TRUE,C,120355.55525898423
50,TRUE,D,69095.50949273472
37,TRUE,B,129570.16208438764
40,FALSE,D,76732.45973022206
29,TRUE,D,67755.54526510867
37,FALSE,D,79386.22444059695
46,FALSE,D,80147.27024504475
46,FALSE,A,94849.84326013326
29,TRUE,C,127467.85608601087
35,TRUE,D,70161.17895765085
41,FALSE,D,81768.01321362937
30,FALSE,C,123571.09639985928
31,TRUE,A,114927.46035395449
45,FALSE,C,119794.26307941314
35,FALSE,A,95982.16470999448
33,FALSE,C,122548.97569610947
41,FALSE,D,80758.19867962683
36,TRUE,A,114122.56548591288
28,TRUE,C,123278.31995789836
38,FALSE,C,121738.65075893485
36,FALSE,C,121529.13189987131
28,FALSE,A,95397.41761882887
19,FALSE,C,120240.04759310422
36,FALSE,C,123992.33731933567
40,FALSE,A,94991.28466556525
36,TRUE,B,132270.47347215292
34,FALSE,B,101112.42030630668
29,TRUE,C,127272.30261119599
32,TRUE,D,71963.51461532574
29,TRUE,A,114560.93070567735
33,FALSE,C,120413.7002727514
46,FALSE,B,100217.45546446866
22,TRUE,B,128049.2737720463
24,TRUE,B,130054.61747780212
35,FALSE,D,79322.00555937442
51,FALSE,B,99683.16078561524
37,TRUE,D,69862.42871757582
43,FALSE,B,97399.04890331489
48,TRUE,B,128780.7320564602
35,TRUE,C,123944.24052822695
36,TRUE,A,115554.31074597468
35,FALSE,D,80413.87439473448
38,TRUE,A,115412.99828889006
30,TRUE,B,132574.58174058422
54,FALSE,A,95909.2047005188
33,TRUE,D,69509.49804066739
35,TRUE,C,124524.12812169747
38,TRUE,C,124063.49062343375
40,TRUE,D,69271.43277875503
32,TRUE,D,71018.53034006259
34,FALSE,C,119803.30446118533
36,FALSE,A,95660.27015354506
28,TRUE,D,70081.12692987536
41,TRUE,B,136335.87529443292
35,TRUE,B,129741.73019517472
39,FALSE,C,122949.1015895374
27,FALSE,A,93268.04930161255
36,FALSE,A,93669.00268990577
28,FALSE,B,102969.43946893746
38,TRUE,C,126143.92932484025
39,TRUE,C,128551.32365047402
37,TRUE,A,115740.04830752262
25,TRUE,B,129530.94390529463
35,TRUE,B,129862.75692699838
33,FALSE,C,122068.42852345092
43,TRUE,A,114412.87522627103
37,FALSE,A,96225.5458173529
36,FALSE,D,79444.28817906286
25,TRUE,A,115152.10316268381
31,FALSE,C,121204.34468803322
35,FALSE,A,93598.99265652781
26,TRUE,C,123331.2456104918
34,TRUE,A,115783.9803359237
32,TRUE,C,128234.85295751841
42,TRUE,D,70276.18281044741
37,FALSE,D,81580.06464349413
31,TRUE,C,127152.65248067678
37,TRUE,D,71271.53803972619
33,TRUE,C,127802.85849064849
35,TRUE,A,115812.07755667137
52,TRUE,C,124515.6768976389
38,TRUE,C,122317.81843934719
24,FALSE,D,78464.25366608484
32,FALSE,C,121558.9309534789
40,FALSE,A,95218.97336504546
35,FALSE,C,123064.96130880402
30,TRUE,D,71440.18057272087
47,FALSE,C,120316.0800940586
35,FALSE,B,103430.42950510881
33,TRUE,C,129042.32895936823
39,TRUE,A,114878.97090217489
36,FALSE,B,99896.98405507919
34,FALSE,B,97429.13542229102
33,FALSE,C,120836.56203539384
31,TRUE,A,115042.56222751568
28,TRUE,B,126313.0527671816
32,FALSE,B,100536.01827999555
37,TRUE,D,70497.00325095563
40,FALSE,B,101311.07063540217
33,FALSE,C,118439.76903088875
36,TRUE,A,115300.84155983022
37,FALSE,B,100991.83699108676
45,TRUE,D,70151.10545466955
37,FALSE,A,95361.00465118318
31,TRUE,D,71210.68941378176
38,TRUE,A,114359.199093087
36,FALSE,C,118824.99193448313
49,FALSE,B,100529.31781356722
43,FALSE,A,95117.422503156
45,FALSE,D,78728.57518025323
36,FALSE,A,96659.318485148
48,FALSE,D,81131.03281129076
24,FALSE,B,101129.11566672551
37,TRUE,A,114714.60838840075
25,TRUE,A,113116.04748830867
35,TRUE,C,126425.95593739561
37,FALSE,A,94899.217121518
50,TRUE,C,125096.11381766488
36,FALSE,B,98399.65915127729
40,TRUE,B,128935.56381512442
36,TRUE,A,115170.10177703998
36,TRUE,D,71235.13832262538
31,TRUE,C,126679.49273263033
33,FALSE,C,121507.34846276643
29,TRUE,B,129625.42885075245
40,TRUE,C,124223.4169131116
42,FALSE,D,80099.41263857688
36,TRUE,B,132705.88281348848
26,TRUE,A,113978.2810920101
34,FALSE,B,101903.46449493633
37,FALSE,B,104432.8896243443
33,FALSE,D,79106.53768552963
28,TRUE,B,129305.1625474491
43,FALSE,C,120434.95645391419
31,FALSE,D,81477.71960109287
42,FALSE,B,98948.16965510177
35,FALSE,D,79191.81812012992
32,FALSE,A,96563.35777940332
32,TRUE,A,114618.03372047233
33,TRUE,C,125043.35871039973
35,TRUE,A,115135.30391287927
37,FALSE,C,121178.1115544492
30,FALSE,C,119952.69004576479
44,TRUE,A,116810.71925143842
45,TRUE,C,127446.09100105635
27,TRUE,B,130253.66140140522
34,TRUE,C,126955.54302223744
34,TRUE,C,128151.76402720579
45,FALSE,C,120984.67095277569
29,FALSE,D,79312.42814130882
37,FALSE,B,99902.51706693851
32,TRUE,D,70888.46487119357
41,TRUE,C,126061.14690337062
34,TRUE,D,69578.06699538311
41,FALSE,C,120963.97976212458
37,FALSE,C,120060.48625679026
41,TRUE,D,70082.76267034648
45,TRUE,C,128736.20309713838
35,FALSE,A,95458.37148660632
35,FALSE,C,121582.08195262289
41,TRUE,B,126540.59954718333
36,TRUE,D,70460.11155417113
32,TRUE,C,122921.4352180633
31,FALSE,B,100836.634761105
43,TRUE,A,113664.54685980288
30,FALSE,D,77915.65829527867
34,FALSE,B,104719.52718560371
36,FALSE,D,83402.3818737814
43,TRUE,D,71476.24884962192
35,TRUE,B,129598.0190539262
33,TRUE,A,115858.95212545866
36,FALSE,C,123831.90866873025
44,TRUE,B,131939.94996130015
31,FALSE,C,119891.64474758627
44,FALSE,B,100468.8792305887
40,TRUE,A,115912.34717100544
37,TRUE,C,126088.80719051098
37,FALSE,D,80748.66507210878
46,TRUE,A,115405.76131350423
26,FALSE,B,101681.69513837284
31,TRUE,B,133584.1085581085
44,TRUE,B,127911.9162830865
32,FALSE,C,118759.6444504073
34,FALSE,C,120162.66063986442
36,TRUE,D,68610.81645982657
33,TRUE,B,130697.09771890752
36,FALSE,C,117701.63497887088
36,TRUE,C,123126.46850801482
35,TRUE,A,115682.73746460155
27,FALSE,D,78467.22124580861
33,TRUE,D,70638.32778522797
37,FALSE,A,95748.0309914925
41,TRUE,A,115687.30693385292
45,TRUE,D,71542.11834361905
45,FALSE,D,78983.3189330722
37,FALSE,D,81006.02190768157
50,FALSE,A,95913.48655546868
38,TRUE,D,69495.62424090129
29,TRUE,C,130103.85137384626
35,FALSE,A,95862.18055517777
35,TRUE,D,69290.03832931953
42,FALSE,D,80821.62168123625
50,FALSE,C,119685.44345065071
39,FALSE,D,79516.53434932775
38,FALSE,C,118880.95843658331
41,FALSE,B,99166.3367543326
40,TRUE,A,117933.77438660602
46,FALSE,B,98670.48815083728
41,FALSE,C,117607.86965355955
35,FALSE,D,79688.96501894119
38,TRUE,A,114576.44153276736
36,TRUE,B,128894.42354016709
31,FALSE,D,82160.1724357933
26,FALSE,D,78851.15608752829
37,TRUE,A,113412.2919268352
35,TRUE,D,69223.83911112192
38,TRUE,D,71038.17357192287
30,FALSE,D,79543.4663860616
38,TRUE,D,70455.09625291225
28,FALSE,B,98629.84657563127
36,TRUE,C,125555.32798722555
31,TRUE,A,115181.78545986327
36,FALSE,C,122156.94317015754
39,TRUE,A,114393.9709742816
38,FALSE,D,77396.38265179492
30,TRUE,D,74533.71341100043
37,FALSE,C,121024.20103681737
35,FALSE,C,120075.66517975659
45,FALSE,C,119866.44227747484
30,TRUE,B,130894.54030503308
34,FALSE,A,93447.53868517472
43,FALSE,D,75699.06453075817
32,TRUE,A,114834.54582474957
33,TRUE,D,69399.28128228504
36,TRUE,B,129711.55812111529
34,FALSE,D,83868.53922852059
32,TRUE,C,125422.80326529378
33,FALSE,B,96042.29174024632
44,TRUE,B,126464.93780159955
29,FALSE,B,98127.88720101843
22,TRUE,D,68706.3082929872
28,TRUE,C,126414.23330778838
32,TRUE,B,134158.20319212376
36,FALSE,C,122272.15609480327
35,TRUE,A,114382.92615863329
29,TRUE,A,114694.5111105703
37,FALSE,C,117185.14751764436
24,TRUE,D,70749.46159231404
28,TRUE,D,70578.05235845808
56,FALSE,A,94292.4186304163
31,TRUE,B,133604.15279289422
43,FALSE,D,82733.34104867702
40,FALSE,D,81162.44632793684
46,FALSE,D,80094.1355118397
38,TRUE,C,125631.28781635777
45,FALSE,B,99038.66369793739
54,TRUE,A,116236.21807067256
31,FALSE,A,96228.01470526001
36,FALSE,D,79653.76349355285
41,FALSE,C,120347.4286678988
30,FALSE,B,100114.33341075052
45,FALSE,A,94953.11570768061
45,FALSE,A,94004.46037745343
24,FALSE,C,118847.13891825506
38,FALSE,C,119217.87357522239
38,FALSE,D,80839.85512166008
30,TRUE,A,115055.32339363836
48,TRUE,B,131023.8937935241
41,TRUE,B,128372.28172146666
30,FALSE,D,82459.58183768463
39,FALSE,C,118946.08892274351
34,TRUE,B,131667.10654014684
31,FALSE,C,122310.51402317204
35,FALSE,D,82258.28545834898
36,TRUE,B,131186.5138245011
41,FALSE,A,95038.21409052619
23,FALSE,B,100288.98006212995
28,FALSE,B,100076.11169863868
28,FALSE,C,120879.79504246257
36,TRUE,C,127554.19093404785
38,FALSE,A,95805.11811527864
29,FALSE,C,121416.77592938257
44,FALSE,B,99740.94557823472
38,FALSE,D,79605.18604493035
37,TRUE,D,68899.96679556614
44,TRUE,D,70995.42916866559
36,TRUE,A,116446.6653579162
42,TRUE,C,123266.78029704916
32,FALSE,D,77698.84957566703
25,TRUE,B,130512.961073842
32,FALSE,B,100884.20112867565
28,TRUE,B,130926.69382721205
36,FALSE,A,94980.65872318685
28,TRUE,B,131242.38051809114
32,TRUE,D,68943.1437633119
31,TRUE,B,133593.82329428347
36,TRUE,A,116150.25508071741
35,FALSE,B,99019.01940516643
36,TRUE,D,66842.57967884575
51,FALSE,A,95825.91855120104
30,TRUE,C,122954.98089935392
31,TRUE,B,131266.45470757023
38,TRUE,D,70856.85584254592
28,FALSE,B,101967.2272663366
42,TRUE,A,115551.84840910853
35,FALSE,C,121930.03708140868
31,FALSE,A,94942.08166747999
37,FALSE,A,94470.89027018499
46,TRUE,D,69558.08509758688
35,FALSE,B,95156.88142505579
39,TRUE,D,70358.91123890702
32,FALSE,A,94615.56669345757
40,TRUE,C,123870.57511595839
40,FALSE,A,96258.16280840854
42,TRUE,D,69829.67654723534
39,TRUE,A,114719.37956166365
37,TRUE,D,71391.57353663364
41,TRUE,B,131602.233627729
35,TRUE,A,115238.35102324137
39,TRUE,B,131325.12334459578
32,TRUE,A,115312.74371673616
23,TRUE,D,69720.50232971772
38,FALSE,A,94981.1633685316
41,FALSE,B,97565.80239334797
37,FALSE,B,102469.59307208446
31,FALSE,C,121435.7401433298
37,FALSE,C,121789.30475920076
33,FALSE,A,94692.67414975245
39,TRUE,D,71942.0549298265
32,FALSE,D,79394.14001772384
33,TRUE,C,125392.5575192751
31,TRUE,D,71631.65365532364
32,FALSE,D,78802.27851700828
39,FALSE,A,94760.61447834027
28,FALSE,C,120895.4885631558
28,TRUE,A,114060.99609529287
37,FALSE,B,100112.98925361314
18,TRUE,B,128651.45343039908
34,TRUE,A,115958.07577311229
39,TRUE,A,112898.4060469444
38,TRUE,D,69357.97369925409
40,FALSE,D,78153.68944078061
34,TRUE,B,133532.88560297474
35,TRUE,B,129194.58025761407
33,TRUE,B,129882.19170469105
41,TRUE,B,131755.10465572128
34,TRUE,B,132571.80480212788
44,FALSE,D,79158.78731182725
42,TRUE,D,68493.01201090883
32,TRUE,C,120946.96177329507
35,TRUE,C,121503.8084661531
43,TRUE,B,132406.7744399863
37,FALSE,C,123914.07298968517
29,TRUE,B,130024.29151054469
31,TRUE,B,133418.94414782303
46,TRUE,B,130757.55455728727
26,FALSE,D,79607.7419930973
31,FALSE,A,95235.5209449165
40,FALSE,B,103144.07644764362
35,FALSE,B,100125.07774753156
35,FALSE,B,101408.21017132967
41,FALSE,A,96021.16403916609
37,TRUE,B,127668.9496397466
39,TRUE,D,68543.1444932769
32,FALSE,C,122407.66648616077
26,FALSE,C,122269.71927575124
25,FALSE,C,120929.02458887035
35,TRUE,D,69422.27879533602
28,FALSE,D,78799.1310744598
47,TRUE,C,127215.75551179568
28,FALSE,B,101968.99194467241
49,FALSE,A,95979.20101175438
36,FALSE,A,95609.9531782821
44,TRUE,A,116772.87949441053
32,TRUE,A,115254.12060237561
37,TRUE,B,129791.09441281889
29,FALSE,C,120825.87179898864
32,FALSE,A,94148.79118699263
36,TRUE,C,127598.56149916802
36,FALSE,D,79950.76967997373
38,FALSE,A,94068.16256192092
44,FALSE,C,119534.88956473608
41,FALSE,A,96072.47631775009
48,FALSE,C,120943.85048680205
27,FALSE,C,121316.73505003708
36,TRUE,C,124489.6967623061
29,TRUE,B,126761.42710008344
33,TRUE,C,120937.66926056363
38,FALSE,D,78220.33169313974
32,TRUE,D,67407.82079320248
30,TRUE,C,124108.20270447404
27,TRUE,D,71283.64377151581
31,TRUE,A,114044.57493995265
25,TRUE,C,128005.9546248108
39,TRUE,A,112998.1278120476
28,FALSE,D,79710.26496329944
38,FALSE,C,119519.34500420817
32,FALSE,A,93947.8904014531
27,TRUE,D,68248.16400030655
25,TRUE,B,130436.91997579369
31,TRUE,B,125033.16128204824
40,TRUE,A,114075.87510088623
24,FALSE,D,82264.71050135577
34,TRUE,A,116789.58035863141
31,TRUE,C,122689.12678209948
38,FALSE,D,80763.0804500851
32,FALSE,C,122061.51080464973
42,TRUE,B,131255.1644232896
34,TRUE,D,68935.56803619482
35,FALSE,B,100605.54251771038
29,FALSE,A,96730.6576385985
35,FALSE,B,102189.10246899976
33,FALSE,B,100791.20804526583
43,FALSE,D,79136.26982476808
41,FALSE,A,96759.01202662998
40,FALSE,D,79822.58301935885
34,TRUE,D,69088.01732621463
42,FALSE,C,121868.20491745039
32,TRUE,C,124343.74538640452
37,FALSE,A,95861.02617013655
37,TRUE,B,130630.24573742255
31,TRUE,C,122010.29724225434
36,FALSE,D,83123.6672881017
34,TRUE,A,113683.27773679206
36,FALSE,B,101379.92075674598
37,FALSE,D,81634.15784867383
39,FALSE,A,97615.93932639147
39,TRUE,B,131357.7218171411
38,TRUE,D,69164.31223314791
36,FALSE,B,100073.94679785264
37,TRUE,A,114639.37783074628
35,FALSE,A,95616.22186976534
42,TRUE,D,68685.28570205375
43,FALSE,B,97270.55473398374
42,FALSE,C,123145.47067101496
37,TRUE,C,128247.21053973732
44,TRUE,A,115165.18785360755
43,TRUE,C,124383.68239154328
35,FALSE,D,81014.51727388232
40,FALSE,A,94337.35613704247
38,TRUE,B,128644.71071518026
32,TRUE,B,126119.5110416203
39,FALSE,C,122386.70511680075
39,FALSE,B,98950.601250938
39,TRUE,D,70144.5040777842
35,TRUE,D,67874.88351126492
35,FALSE,C,121025.80721579219
27,FALSE,B,101699.39532418427
38,FALSE,C,122542.85708518018
30,TRUE,C,124561.77080147823
50,FALSE,D,79506.14506482842
36,TRUE,B,129661.15767528265
43,TRUE,D,67462.39589295497
40,TRUE,A,115392.52609017327
32,FALSE,B,98360.24811134668
29,FALSE,B,98007.56610160005
38,FALSE,A,96154.16347452988
30,FALSE,B,100239.47762445133
36,FALSE,D,77842.38034048928
38,FALSE,C,118192.85400563327
29,TRUE,C,123611.66529916735
29,TRUE,C,126804.33660180955
36,FALSE,D,79862.48623457545
28,TRUE,C,125805.43285885904
34,TRUE,D,70260.66104103571
33,FALSE,B,101162.89707882101
32,TRUE,D,71986.76978717644
37,TRUE,B,131915.6778095
24,FALSE,C,122929.52347821604
38,TRUE,D,67075.99243054597
35,FALSE,C,121168.87362050374
29,FALSE,D,79655.388336536
44,FALSE,B,100844.18742399533
34,FALSE,A,97461.77055020814
38,TRUE,B,129059.12889157158
42,FALSE,C,120799.71590926035
29,FALSE,A,93349.34848513252
42,TRUE,D,70584.16930610845
34,TRUE,B,132951.24787056743
35,FALSE,B,103148.91995252897
30,FALSE,A,95559.50592141054
32,TRUE,C,128115.86371960895
33,TRUE,C,129086.40000051794
32,TRUE,A,113108.61527820195
38,FALSE,D,82770.60467244388
41,FALSE,D,81359.76684136581
40,TRUE,A,112894.0685691571
35,TRUE,D,70276.10993115432
42,FALSE,C,122347.86898823462
37,FALSE,C,123280.30742721936
27,TRUE,B,132026.0788347163
28,FALSE,B,100017.59386845444
32,FALSE,D,81613.38156434847
36,TRUE,B,129002.99904528477
36,FALSE,D,79500.26875585223
35,TRUE,D,69684.42678884593
32,FALSE,A,94743.74056199685
48,TRUE,D,71217.38337870312
32,FALSE,C,120503.00527707761
45,TRUE,D,69230.33609438689
39,TRUE,D,68649.21836299244
41,FALSE,A,93459.60470108883
24,FALSE,A,95921.66563750133
24,FALSE,C,121779.5549239421
43,FALSE,B,102293.83375074642
34,TRUE,D,69866.75189475257
30,TRUE,A,115065.2002193601
36,TRUE,D,71625.41139057472
39,TRUE,B,127421.12392946128
39,FALSE,B,99048.16270616661
49,TRUE,A,116114.04785115473
36,FALSE,C,119203.95361809162
33,FALSE,C,118308.45260291624
39,FALSE,A,94403.3107073788
32,FALSE,D,81027.54811609148
37,FALSE,C,121690.13858366123
37,TRUE,A,113635.45110010354
30,TRUE,D,67084.82449108781
32,TRUE,B,130902.56385967268
45,FALSE,C,120262.772312444
25,FALSE,B,100410.02220458897
38,TRUE,D,67620.09389069799
32,TRUE,A,113327.45086944509
37,FALSE,A,95208.76826637186
36,TRUE,D,67415.12599538037
36,TRUE,A,115075.9841521696
41,FALSE,C,120928.67813238522
30,TRUE,C,125400.56762720381
48,FALSE,D,79625.00027940684
38,FALSE,A,94972.20895132837
33,FALSE,C,123995.27387732027
36,TRUE,D,70803.80646647917
48,FALSE,A,93360.35035076035
33,TRUE,D,67691.9692295197
32,FALSE,A,93581.91212630417
26,FALSE,A,96193.34482597058
40,TRUE,C,125161.58326298278
41,TRUE,A,114170.14188448491
35,TRUE,B,126415.47054498366
39,FALSE,D,80568.52471305314
25,FALSE,C,115369.53737087814
38,FALSE,C,119370.60964579726
35,TRUE,D,71170.16035539149
38,FALSE,C,117887.28568675896
40,TRUE,C,124626.78613657026
45,FALSE,D,80209.96102801358
33,FALSE,C,118836.49042216783
38,FALSE,A,94459.82197512462
37,TRUE,D,69828.1613275641
31,TRUE,D,70607.7368700404
34,FALSE,B,101897.19974264446
38,FALSE,A,95161.57167954567
37,FALSE,A,95201.05710032144
43,FALSE,C,120386.50264294073
30,TRUE,C,126650.96815196895
23,TRUE,B,132049.38032932312
24,TRUE,C,126430.53951177314
41,TRUE,A,114595.72529949431
22,FALSE,B,103461.38251067739
36,TRUE,A,116246.74683051722
36,TRUE,A,115039.58956171277
34,TRUE,D,69155.03297694173
37,TRUE,A,114134.26217787062
28,TRUE,B,132708.04712446348
40,TRUE,C,128276.07881480738
49,FALSE,D,77278.60144329828
35,FALSE,B,98555.11672837689
26,FALSE,A,94967.49905313368
29,FALSE,C,118361.55156690045
26,FALSE,C,120703.33538828939
41,FALSE,B,101904.40570515952
39,FALSE,A,93417.660563418
42,TRUE,C,126877.67522057238
32,FALSE,C,117367.61487799915
26,TRUE,B,133310.32980038313
32,FALSE,C,119079.4571761268
33,TRUE,A,114905.52982691128
36,FALSE,D,80772.16879301779
26,TRUE,A,116364.90124503674
30,TRUE,D,71672.01570399215
35,FALSE,D,78207.39536832474
37,TRUE,A,114985.70725884826
36,FALSE,C,123668.87959241435
35,FALSE,C,119921.71600244688
30,FALSE,C,120557.97216783166
28,TRUE,C,125831.56420666704
32,FALSE,D,77170.8616098072
41,TRUE,D,71128.67516860407
35,TRUE,C,126486.08193122662
31,TRUE,D,70474.42325776289
31,TRUE,A,115452.61935487075
35,TRUE,B,125459.12860196113
38,TRUE,D,69390.81394775
38,FALSE,B,99655.44740625791
37,FALSE,D,81086.6709011646
29,FALSE,D,79714.10568335373
37,FALSE,A,96697.82921062558
35,FALSE,C,121299.96803294317
40,FALSE,C,120015.07791876569
49,FALSE,C,116616.11087416188
38,TRUE,B,127557.67728361528
38,FALSE,D,80674.02635003405
41,TRUE,A,115985.10997410928
37,TRUE,C,126282.39154865946
